"_id:id","_labels:label","category","codomain","domain","example","latex","meaning","name","range","symbol","unicode","wikipedia","_start:id","_end:id","_type:label"
"0",":M_Functions:combinatorics","combinatorics","ℤ⁺","ℤ⁺×ℤ⁺","S(3,2)=3","S(n,k)","Partitions of n into k subsets.","Stirling numbers (2nd kind)","ℤ⁺","S(n,k)","","https://en.wikipedia.org/wiki/Stirling_numbers_of_the_second_kind",,,
"1",":M_Functions:special functions","special functions","ℝ","ℝ","B_0=1","B_n(x)","Generated by t e^{xt}/(e^t−1).","Bernoulli polynomial","ℝ","B_n(x)","","https://en.wikipedia.org/wiki/Bernoulli_polynomials",,,
"2",":M_Functions:special functions","special functions","[0,1]","[0,1]","used in statistics","I_x(a,b)","Beta CDF.","Regularized incomplete beta","[0,1]","I_x(a,b)","","https://en.wikipedia.org/wiki/Beta_function#Incomplete_beta_function",,,
"3",":M_Functions:special functions","special functions","ℝ⁺","s>0, x≥0","Γ(s,0)=Γ(s)","Γ(s,x)","Integral from x to ∞.","Incomplete gamma function","ℝ⁺","Γ(s,x)","","https://en.wikipedia.org/wiki/Incomplete_gamma_function",,,
"4",":M_Functions:special functions","special functions","ℂ","[-1,1]","Li_1(x)=−ln(1−x)","Li_s(x)","Generalized log sums.","Polylogarithm","ℂ","Li_s(x)","","https://en.wikipedia.org/wiki/Polylogarithm",,,
"5",":M_Functions:special functions","special functions","ℂ","|z|<1","generalizes many functions","₂F₁(a,b;c;z)","Solution of hypergeometric ODE.","Gauss hypergeometric","ℂ","₂F₁(a,b;c;z)","","https://en.wikipedia.org/wiki/Hypergeometric_function",,,
"6",":M_Functions:special functions","special functions","ℂ","unit disk in ℂ²","generalization of ₂F₁","F₁(a;b₁,b₂;c;x,y)","2-variable hypergeometric.","Appell hypergeometric function","ℂ","F₁(a;b₁,b₂;c;x,y)","","https://en.wikipedia.org/wiki/Appell_series",,,
"7",":Category:elementary","","","","","","","elementary","","","","",,,
"8",":Category:algebraic","","","","","","","algebraic","","","","",,,
"9",":Category:transcendental","","","","","","","transcendental","","","","",,,
"10",":Category:trigonometric","","","","","","","trigonometric","","","","",,,
"11",":Category:inverse trigonometric","","","","","","","inverse trigonometric","","","","",,,
"12",":Category:hyperbolic","","","","","","","hyperbolic","","","","",,,
"13",":Category:piecewise","","","","","","","piecewise","","","","",,,
"14",":Category:sigmoid","","","","","","","sigmoid","","","","",,,
"15",":Category:neural networks","","","","","","","neural networks","","","","",,,
"16",":Category:analysis","","","","","","","analysis","","","","",,,
"17",":Category:probability","","","","","","","probability","","","","",,,
"18",":Category:special functions","","","","","","","special functions","","","","",,,
"19",":Category:distributions","","","","","","","distributions","","","","",,,
"20",":Category:discrete","","","","","","","discrete","","","","",,,
"21",":Category:number theory","","","","","","","number theory","","","","",,,
"22",":Category:analysis / PDE","","","","","","","analysis / PDE","","","","",,,
"23",":Category:analysis / pathology","","","","","","","analysis / pathology","","","","",,,
"24",":Category:analysis / fractal","","","","","","","analysis / fractal","","","","",,,
"25",":Category:dynamical systems","","","","","","","dynamical systems","","","","",,,
"26",":Category:number theory / fractal","","","","","","","number theory / fractal","","","","",,,
"27",":Category:Fourier analysis","","","","","","","Fourier analysis","","","","",,,
"28",":Category:recursive / special","","","","","","","recursive / special","","","","",,,
"29",":Category:iterated functions","","","","","","","iterated functions","","","","",,,
"30",":Category:chaos theory","","","","","","","chaos theory","","","","",,,
"31",":Category:integral transforms","","","","","","","integral transforms","","","","",,,
"32",":Category:signal processing","","","","","","","signal processing","","","","",,,
"33",":Category:PDEs","","","","","","","PDEs","","","","",,,
"34",":Category:measure theory","","","","","","","measure theory","","","","",,,
"35",":Category:linear algebra","","","","","","","linear algebra","","","","",,,
"36",":Category:combinatorics","","","","","","","combinatorics","","","","",,,
"37",":Functions","","","","","","","Functions","","","","",,,
"38",":Analytical and Structural Mathematics","","","","","","","Analytical and Structural Mathematics","","","","",,,
"39",":Mathematics","","","","","","","Mathematics","","","","",,,
"40",":Symbols","","","","","","","Symbols","","","","",,,
"41",":Category:calculus / series","","","","","","","calculus / series","","","","",,,
"42",":Category:calculus","","","","","","","calculus","","","","",,,
"43",":Category:multivariable calculus","","","","","","","multivariable calculus","","","","",,,
"44",":Category:complex analysis","","","","","","","complex analysis","","","","",,,
"45",":Category:vector calculus","","","","","","","vector calculus","","","","",,,
"46",":Category:general mathematics","","","","","","","general mathematics","","","","",,,
"47",":Category:algebra / analysis","","","","","","","algebra / analysis","","","","",,,
"48",":Category:algebra / logic","","","","","","","algebra / logic","","","","",,,
"49",":Category:algebra","","","","","","","algebra","","","","",,,
"50",":Category:set theory","","","","","","","set theory","","","","",,,
"51",":Category:logic","","","","","","","logic","","","","",,,
"52",":Category:logic / proof theory","","","","","","","logic / proof theory","","","","",,,
"53",":Category:logic / semantics","","","","","","","logic / semantics","","","","",,,
"54",":Category:logic / algebra","","","","","","","logic / algebra","","","","",,,
"55",":Category:definitions / algebra","","","","","","","definitions / algebra","","","","",,,
"56",":Category:definitions","","","","","","","definitions","","","","",,,
"57",":Category:logic / set theory","","","","","","","logic / set theory","","","","",,,
"58",":Category:arithmetic","","","","","","","arithmetic","","","","",,,
"59",":Category:functions","","","","","","","functions","","","","",,,
"60",":Category:calculus / notation","","","","","","","calculus / notation","","","","",,,
"61",":Category:geometry","","","","","","","geometry","","","","",,,
"62",":Category:order theory","","","","","","","order theory","","","","",,,
"64",":Category:analysis / signal processing","","","","","","","analysis / signal processing","","","","",,,
"65",":Category:algebra / convolution","","","","","","","algebra / convolution","","","","",,,
"66",":Category:algebra / geometry","","","","","","","algebra / geometry","","","","",,,
"67",":Category:proof theory","","","","","","","proof theory","","","","",,,
"68",":M_Functions:elementary","elementary","ℝ","ℝ","id(7)=7","f(x)=x","Returns the input unchanged.","Identity function","ℝ","id(x)","","https://en.wikipedia.org/wiki/Identity_function",,,
"69",":M_Functions:elementary","elementary","ℝ","ℝ","f(x)=5","f(x)=c","Constant output.","Constant function","{c}","c","","https://en.wikipedia.org/wiki/Constant_function",,,
"70",":M_Functions:algebraic","algebraic","ℝ","ℝ","3x−1","f(x)=ax+b","Degree‑1 polynomial.","Linear function","ℝ","ax+b","","https://en.wikipedia.org/wiki/Linear_function",,,
"71",":M_Functions:algebraic","algebraic","ℝ","ℝ","2x+5","f(x)=ax+b","Linear map plus translation.","Affine function","ℝ","ax+b","","https://en.wikipedia.org/wiki/Affine_function",,,
"72",":M_Functions:algebraic","algebraic","ℝ","ℝ","x²−4x+3","f(x)=ax^2+bx+c","Degree‑2 polynomial.","Quadratic function","depends","ax²+bx+c","","https://en.wikipedia.org/wiki/Quadratic_function",,,
"73",":M_Functions:algebraic","algebraic","ℝ","ℝ","x³−2x","f(x)=ax^3+bx^2+cx+d","Degree‑3 polynomial.","Cubic function","ℝ","ax³+…","","https://en.wikipedia.org/wiki/Cubic_function",,,
"74",":M_Functions:algebraic","algebraic","ℝ","ℝ","4x⁵−x²+7","Σ a_k x^k","Sum of powers of x.","Polynomial function","depends","P(x)","","https://en.wikipedia.org/wiki/Polynomial",,,
"75",":M_Functions:algebraic","algebraic","ℝ","ℝ minus roots(Q)","1/(x−3)","P(x)/Q(x)","Quotient of polynomials.","Rational function","ℝ except asymptotes","P/Q","","https://en.wikipedia.org/wiki/Rational_function",,,
"76",":M_Functions:elementary","elementary","ℝ","ℝ⁺","x^{1/2}","x^a","x to constant exponent.","Power function","ℝ","x^a","","https://en.wikipedia.org/wiki/Power_function",,,
"77",":M_Functions:elementary","elementary","ℝ⁺","x≥0","√9=3","√x","Principal square root.","Square root function","ℝ⁺","√x","U+221A","https://en.wikipedia.org/wiki/Square_root",,,
"78",":M_Functions:elementary","elementary","ℝ","ℝ","∛8=2","∛x","Cube root.","Cube root function","ℝ","∛x","U+221B","https://en.wikipedia.org/wiki/Cube_root",,,
"79",":M_Functions:transcendental","transcendental","ℝ⁺","ℝ","e^0=1","e^x","Natural exponential.","Exponential function","(0,∞)","e^x","","https://en.wikipedia.org/wiki/Exponential_function",,,
"80",":M_Functions:transcendental","transcendental","ℝ⁺","ℝ","2^x","a^x","a to x.","General exponential","(0,∞)","a^x","","https://en.wikipedia.org/wiki/Exponential_function",,,
"81",":M_Functions:transcendental","transcendental","ℝ","x>0","ln(e)=1","ln(x)","Inverse of exp.","Natural logarithm","ℝ","ln(x)","","https://en.wikipedia.org/wiki/Natural_logarithm",,,
"82",":M_Functions:transcendental","transcendental","ℝ","x>0","log10(100)=2","log_{10}(x)","Base‑10 log.","Common logarithm","ℝ","log₁₀(x)","","https://en.wikipedia.org/wiki/Common_logarithm",,,
"83",":M_Functions:transcendental","transcendental","ℝ","x>0","log_2(8)=3","log_a(x)","Inverse of a^x.","Logarithm base a","ℝ","log_a(x)","","https://en.wikipedia.org/wiki/Logarithm",,,
"84",":M_Functions:trigonometric","trigonometric","[-1,1]","ℝ","sin(π/2)=1","sin(x)","Unit circle y‑coord.","Sine","[-1,1]","sin(x)","","https://en.wikipedia.org/wiki/Sine",,,
"85",":M_Functions:trigonometric","trigonometric","[-1,1]","ℝ","cos(0)=1","cos(x)","Unit circle x‑coord.","Cosine","[-1,1]","cos(x)","","https://en.wikipedia.org/wiki/Cosine",,,
"86",":M_Functions:trigonometric","trigonometric","ℝ","ℝ except π/2+kπ","tan(π/4)=1","tan(x)","sin/cos.","Tangent","ℝ","tan(x)","","https://en.wikipedia.org/wiki/Tangent",,,
"87",":M_Functions:trigonometric","trigonometric","ℝ","ℝ except kπ","cot(π/4)=1","cot(x)","cos/sin.","Cotangent","ℝ","cot(x)","","https://en.wikipedia.org/wiki/Cotangent",,,
"88",":M_Functions:trigonometric","trigonometric","ℝ","ℝ except (π/2+kπ)","sec(0)=1","sec(x)","Reciprocal of cosine.","Secant","(-∞,-1] ∪ [1,∞)","sec(x)","","https://en.wikipedia.org/wiki/Secant_(trigonometry)",,,
"89",":M_Functions:trigonometric","trigonometric","ℝ","ℝ except kπ","csc(π/2)=1","csc(x)","Reciprocal of sine.","Cosecant","(-∞,-1] ∪ [1,∞)","csc(x)","","https://en.wikipedia.org/wiki/Cosecant",,,
"90",":M_Functions:inverse trigonometric","inverse trigonometric","[-π/2,π/2]","[-1,1]","arcsin(1)=π/2","arcsin(x)","Inverse of sine.","Inverse sine","[-π/2,π/2]","arcsin(x)","","https://en.wikipedia.org/wiki/Inverse_trigonometric_functions",,,
"91",":M_Functions:inverse trigonometric","inverse trigonometric","[0,π]","[-1,1]","arccos(1)=0","arccos(x)","Inverse of cosine.","Inverse cosine","[0,π]","arccos(x)","","https://en.wikipedia.org/wiki/Inverse_trigonometric_functions",,,
"92",":M_Functions:inverse trigonometric","inverse trigonometric","(-π/2,π/2)","ℝ","arctan(1)=π/4","arctan(x)","Inverse of tangent.","Inverse tangent","(-π/2,π/2)","arctan(x)","","https://en.wikipedia.org/wiki/Inverse_trigonometric_functions",,,
"93",":M_Functions:hyperbolic","hyperbolic","ℝ","ℝ","sinh(0)=0","sinh(x)","(e^x - e^{-x})/2.","Hyperbolic sine","ℝ","sinh(x)","","https://en.wikipedia.org/wiki/Hyperbolic_functions",,,
"94",":M_Functions:hyperbolic","hyperbolic","[1,∞)","ℝ","cosh(0)=1","cosh(x)","(e^x + e^{-x})/2.","Hyperbolic cosine","[1,∞)","cosh(x)","","https://en.wikipedia.org/wiki/Hyperbolic_functions",,,
"95",":M_Functions:hyperbolic","hyperbolic","(-1,1)","ℝ","tanh(0)=0","tanh(x)","sinh/cosh.","Hyperbolic tangent","(-1,1)","tanh(x)","","https://en.wikipedia.org/wiki/Hyperbolic_functions",,,
"96",":M_Functions:piecewise","piecewise","ℝ⁺","ℝ","|-4|=4","|x|","Distance from zero.","Absolute value","[0,∞)","|x|","","https://en.wikipedia.org/wiki/Absolute_value",,,
"97",":M_Functions:piecewise","piecewise","{-1,0,1}","ℝ","sgn(-3)=-1","sgn(x)","−1,0,1 depending on sign.","Sign function","{-1,0,1}","sgn(x)","","https://en.wikipedia.org/wiki/Sign_function",,,
"98",":M_Functions:piecewise","piecewise","{0,1}","ℝ","H(3)=1","H(x)","0 for x<0, 1 for x≥0.","Heaviside step","{0,1}","H(x)","","https://en.wikipedia.org/wiki/Heaviside_step_function",,,
"99",":M_Functions:piecewise","piecewise","ℤ","ℝ","⌊3.7⌋=3","⌊x⌋","Greatest integer ≤ x.","Floor function","ℤ","⌊x⌋","U+230A","https://en.wikipedia.org/wiki/Floor_and_ceiling_functions",,,
"100",":M_Functions:piecewise","piecewise","ℤ","ℝ","⌈3.2⌉=4","⌈x⌉","Smallest integer ≥ x.","Ceiling function","ℤ","⌈x⌉","U+2308","https://en.wikipedia.org/wiki/Floor_and_ceiling_functions",,,
"101",":M_Functions:piecewise","piecewise","[0,1)","ℝ","{3.7}=0.7","{x}","x − floor(x).","Fractional part","[0,1)","{x}","","https://en.wikipedia.org/wiki/Fractional_part",,,
"102",":M_Functions:elementary","elementary","ℝ except 0","ℝ except 0","1/2=0.5","1/x","Multiplicative inverse.","Reciprocal","ℝ except 0","1/x","","https://en.wikipedia.org/wiki/Multiplicative_inverse",,,
"103",":M_Functions:sigmoid","sigmoid","(0,1)","ℝ","f(0)=1/2","1/(1+e^{-x})","S-shaped curve.","Logistic function","(0,1)","1/(1+e^{-x})","","https://en.wikipedia.org/wiki/Logistic_function",,,
"104",":M_Functions:neural networks","neural networks","(0,∞)","ℝ","softplus(0)=ln(2)","ln(1+e^x)","Smooth ReLU.","Softplus function","(0,∞)","ln(1+e^x)","","https://en.wikipedia.org/wiki/Rectifier_(neural_networks)",,,
"105",":M_Functions:analysis","analysis","(0,1]","ℝ","f(0)=1","e^{-x^2}","Bell curve.","Gaussian function","(0,1]","e^{-x^2}","","https://en.wikipedia.org/wiki/Gaussian_function",,,
"106",":M_Functions:probability","probability","ℝ⁺","ℝ","μ=0 σ=1","(1/(σ√(2π))) e^{-((x-μ)^2)/(2σ^2)}","Standard Gaussian density.","Normal distribution pdf","(0,1/(σ√(2π))]","Normal PDF","","https://en.wikipedia.org/wiki/Normal_distribution",,,
"107",":M_Functions:probability","probability","[0,1]","ℝ","F(∞)=1","F(x)=P(X≤x)","P(X≤x).","Cumulative distribution function","[0,1]","F(x)","","https://en.wikipedia.org/wiki/Cumulative_distribution_function",,,
"108",":M_Functions:special functions","special functions","ℝ","ℝ except nonpositive integers","Γ(n)=(n−1)!","Γ(x)=∫0∞ t^{x-1} e^{-t} dt","Extension of factorial.","Gamma function","ℝ","Γ(x)","U+0393","https://en.wikipedia.org/wiki/Gamma_function",,,
"109",":M_Functions:special functions","special functions","ℝ⁺","x>0, y>0","B(1,1)=1","B(x,y)=∫0¹ t^{x-1}(1-t)^{y-1} dt","Integral defining relationship of Gamma.","Beta function","ℝ⁺","B(x,y)","","https://en.wikipedia.org/wiki/Beta_function",,,
"110",":M_Functions:special functions","special functions","(-1,1)","ℝ","erf(0)=0","erf(x)","Integral of Gaussian.","Error function","(-1,1)","erf(x)","","https://en.wikipedia.org/wiki/Error_function",,,
"111",":M_Functions:special functions","special functions","(0,2)","ℝ","erfc(0)=1","erfc(x)","1 − erf(x).","Complementary error function","(0,2)","erfc(x)","","https://en.wikipedia.org/wiki/Error_function#Complementary_error_function",,,
"112",":M_Functions:distributions","distributions","generalized","distributions","∫δ(x)dx=1","δ(x)","Generalized function, zero except integral=1.","Dirac delta","generalized","δ(x)","","https://en.wikipedia.org/wiki/Dirac_delta_function",,,
"113",":M_Functions:discrete","discrete","{0,1}","ℤ×ℤ","δ_{ii}=1","δ_{ij}","1 if i=j, else 0.","Kronecker delta","{0,1}","δ_ij","","https://en.wikipedia.org/wiki/Kronecker_delta",,,
"114",":M_Functions:special functions","special functions","ℂ","Re(s)>1 (series)","ζ(2)=π^2/6","ζ(s)","Σ n^{-s}.","Riemann zeta function","ℂ","ζ(s)","","https://en.wikipedia.org/wiki/Riemann_zeta_function",,,
"115",":M_Functions:number theory","number theory","{-1,0,1}","ℤ⁺","μ(p)=−1","μ(n)","Square-free factorization parity.","Möbius function","{-1,0,1}","μ(n)","","https://en.wikipedia.org/wiki/M%C3%B6bius_function",,,
"116",":M_Functions:number theory","number theory","ℤ⁺","ℤ⁺","φ(9)=6","φ(n)","Count integers ≤n coprime to n.","Euler totient function","ℤ⁺","φ(n)","","https://en.wikipedia.org/wiki/Euler%27s_totient_function",,,
"117",":M_Functions:number theory","number theory","ℤ⁺","ℤ⁺","σ₀(n)= number of divisors","σ_k(n)","Sum of k-th powers of divisors.","Divisor function","ℤ⁺","σ_k(n)","","https://en.wikipedia.org/wiki/Divisor_function",,,
"118",":M_Functions:analysis / PDE","analysis / PDE","ℝ","open subsets of ℝⁿ","x²−y² is harmonic","Δu=0","Satisfies Laplace equation.","Harmonic function","ℝ","u(x,y)","","https://en.wikipedia.org/wiki/Harmonic_function",,,
"119",":M_Functions:special functions","special functions","ℝ","ℝ","J_0(0)=1","J_n(x)","Solutions to Bessel equation.","Bessel function","oscillatory","J_n(x)","","https://en.wikipedia.org/wiki/Bessel_function",,,
"120",":M_Functions:special functions","special functions","ℝ","[-1,1]","P_0=1","P_n(x)","Orthogonal polynomials on [-1,1].","Legendre polynomial","ℝ","P_n(x)","","https://en.wikipedia.org/wiki/Legendre_polynomials",,,
"121",":M_Functions:special functions","special functions","ℝ","[-1,1]","T_1=x","T_n(x)","cos(nθ) relation.","Chebyshev polynomial","ℝ","T_n(x)","","https://en.wikipedia.org/wiki/Chebyshev_polynomials",,,
"122",":M_Functions:special functions","special functions","ℝ","ℝ","H_0=1","H_n(x)","Orthogonal in physics/probability.","Hermite polynomial","ℝ","H_n(x)","","https://en.wikipedia.org/wiki/Hermite_polynomials",,,
"123",":M_Functions:special functions","special functions","ℝ","[0,∞)","L_0=1","L_n(x)","Orthogonal on [0,∞).","Laguerre polynomial","ℝ","L_n(x)","","https://en.wikipedia.org/wiki/Laguerre_polynomials",,,
"124",":M_Functions:special functions","special functions","ℝ","[-1/e,∞)","W(0)=0","W(x)","Inverse of W e^W.","Lambert W function","depends","W(x)","","https://en.wikipedia.org/wiki/Lambert_W_function",,,
"125",":M_Functions:analysis / pathology","analysis / pathology","{0,1}","ℝ","discontinuous everywhere","D(x)","1 if rational, 0 if irrational.","Dirichlet function","{0,1}","D(x)","","https://en.wikipedia.org/wiki/Examples_of_continuous_functions#Dirichlet_function",,,
"126",":M_Functions:analysis / pathology","analysis / pathology","[0,1]","ℝ","T(1/2)=1/2","T(x)","1/q for rationals p/q, else 0.","Thomae function","{1/q} ∪ {0}","T(x)","","https://en.wikipedia.org/wiki/Thomae%27s_function",,,
"127",":M_Functions:analysis / pathology","analysis / pathology","ℝ","ℝ","a<1, b odd","W(x)=Σ a^n cos(b^n π x)","Continuous nowhere differentiable.","Weierstrass function","ℝ","W(x)","","https://en.wikipedia.org/wiki/Weierstrass_function",,,
"128",":M_Functions:analysis / fractal","analysis / fractal","[0,1]","[0,1]","constant on removed intervals","C(x)","Devil’s staircase; singular function.","Cantor function","[0,1]","C(x)","","https://en.wikipedia.org/wiki/Cantor_function",,,
"129",":M_Functions:dynamical systems","dynamical systems","[0,1]","[0,1]","used in chaos theory","T(x)=1-2|x-1/2|","Chaotic 1D map.","Tent map","[0,1]","T(x)","","https://en.wikipedia.org/wiki/Tent_map",,,
"130",":M_Functions:dynamical systems","dynamical systems","[0,1]","[0,1]","chaos for r>3.57","f(x)=r x(1-x)","Quadratic recurrence, chaos.","Logistic map","[0,1]","r x(1-x)","","https://en.wikipedia.org/wiki/Logistic_map",,,
"131",":M_Functions:number theory / fractal","number theory / fractal","[0,1]","[0,∞)","?(1/2)=1/2","?(x)","Maps continued fractions to binary.","Minkowski question-mark function","[0,1]","?(x)","","https://en.wikipedia.org/wiki/Minkowski%27s_question-mark_function",,,
"132",":Fourier analysis:M_Functions","Fourier analysis","ℝ","ℝ","Gibbs phenomenon","D_n(x)=Σ e^{inx}","Used in Fourier partial sums.","Dirichlet kernel","oscillatory","D_n(x)","","https://en.wikipedia.org/wiki/Dirichlet_kernel",,,
"133",":M_Functions:recursive / special","recursive / special","ℝ⁺","x≥-1/4","R(1)=(1+√5)/2","R(x)=\sqrt{x+\sqrt{x+\sqrt{x+\cdots}}}","Infinite nested square root.","Nested radical function","ℝ⁺","√(x+√(x+…))","U+221A","https://en.wikipedia.org/wiki/Nested_radical",,,
"134",":M_Functions:iterated functions","iterated functions","ℝ⁺","e^{-e} ≤ x ≤ e^{1/e}","convergent range","^∞ x","Limit of x^(x^(x…)).","Infinite power tower","finite interval","tetration","","https://en.wikipedia.org/wiki/Tetration",,,
"135",":M_Functions:iterated functions","iterated functions","ℝ","x large enough","log* in complexity","log^{(n)}(x)","Repeated logarithm.","Iterated logarithm","ℝ","log^{(n)}(x)","","https://en.wikipedia.org/wiki/Iterated_logarithm",,,
"136",":M_Functions:iterated functions","iterated functions","[-1,1]","ℝ","converges to 0 for |x|<1","sin^{(n)}(x)","Repeated sine.","Nested sine","[-1,1]","sin(sin(...))","","https://en.wikipedia.org/wiki/Function_composition",,,
"137",":M_Functions:chaos theory","chaos theory","[-1,1]","[-1,1]","period-doubling","g(x)","Fixed point of renormalization.","Feigenbaum function","[-1,1]","g(x)","","https://en.wikipedia.org/wiki/Feigenbaum_constants",,,
"138",":Category:analysis","","","","","","","analysis","","","","",,,
"139",":Category:linear algebra","","","","","","","linear algebra","","","","",,,
"140",":M_Symbols:calculus / series","calculus / series","","","∑_{i=1}^{n} a_i","\sum","Sum of terms from an index to an upper bound.","summation","","∑","U+2211","https://en.wikipedia.org/wiki/Summation",,,
"141",":M_Symbols:calculus / series","calculus / series","","","∏_{k=1}^{n} x_k","\prod","Product of sequential factors.","product","","∏","U+220F","https://en.wikipedia.org/wiki/Multiplication#Product_notation",,,
"142",":M_Symbols:calculus","calculus","","","∫ f(x) dx","\int","Area under a curve.","integral","","∫","U+222B","https://en.wikipedia.org/wiki/Integral",,,
"143",":M_Symbols:multivariable calculus","multivariable calculus","","","∬_D f(x,y) dA","\iint","Integral over a two-dimensional region.","double integral","","∬","U+222C","https://en.wikipedia.org/wiki/Multiple_integral",,,
"144",":M_Symbols:complex analysis","complex analysis","","","∮_C f(z) dz","\oint","Integration over a closed curve.","contour integral","","∮","U+222E","https://en.wikipedia.org/wiki/Contour_integral",,,
"145",":M_Symbols:multivariable calculus","multivariable calculus","","","∂f/∂x","\partial","Derivative with respect to a single variable in a multivariable function.","partial derivative","","∂","U+2202","https://en.wikipedia.org/wiki/Partial_derivative",,,
"146",":M_Symbols:vector calculus","vector calculus","","","∇f","\nabla","Represents gradient, divergence, or curl.","nabla","","∇","U+2207","https://en.wikipedia.org/wiki/Del",,,
"147",":M_Symbols:general mathematics","general mathematics","","","lim_{x→∞} f(x)","\infty","Symbol representing an unbounded value.","infinity","","∞","U+221E","https://en.wikipedia.org/wiki/Infinity",,,
"148",":M_Symbols:algebra / analysis","algebra / analysis","","","π ≈ 3.14","\approx","Indicates approximation between numbers or expressions.","approximately equal","","≈","U+2248","https://en.wikipedia.org/wiki/Approximation",,,
"149",":M_Symbols:analysis","analysis","","","f(x) ≃ g(x)","\simeq","Indicates that two functions share the same asymptotic behavior.","asymptotically equal","","≃","U+2243","https://en.wikipedia.org/wiki/Asymptotic_analysis",,,
"150",":M_Symbols:algebra / logic","algebra / logic","","","sin²x + cos²x ≡ 1","\equiv","Indicates identity true for all values of variables.","identically equal","","≡","U+2261","https://en.wikipedia.org/wiki/Identity_(mathematics)",,,
"151",":M_Symbols:algebra","algebra","","","x ≠ y","\ne","Indicates that two values or expressions are not equal.","not equal","","≠","U+2260","https://en.wikipedia.org/wiki/Inequality_(mathematics)",,,
"152",":M_Symbols:algebra","algebra","","","a = b","=","Indicates equality between two mathematical objects.","equal","","=","U+003D","https://en.wikipedia.org/wiki/Equality_(mathematics)",,,
"153",":M_Symbols:algebra","algebra","","","x < y","<","Indicates that one value is smaller than another.","less than","","<","U+003C","https://en.wikipedia.org/wiki/Inequality_(mathematics)",,,
"154",":M_Symbols:algebra","algebra","","","x ≤ y","\le","Indicates that one value is smaller than or equal to another.","less than or equal to","","≤","U+2264","https://en.wikipedia.org/wiki/Inequality_(mathematics)",,,
"155",":M_Symbols:algebra","algebra","","","x > y",">","Indicates that one value is larger than another.","greater than","",">","U+003E","https://en.wikipedia.org/wiki/Inequality_(mathematics)",,,
"156",":M_Symbols:algebra","algebra","","","x ≥ y","\ge","Indicates that one value is larger than or equal to another.","greater than or equal to","","≥","U+2265","https://en.wikipedia.org/wiki/Inequality_(mathematics)",,,
"157",":M_Symbols:algebra","algebra","","","x = 5 ± 2","\pm","Indicates two possible values, one with addition and one with subtraction.","plus-minus","","±","U+00B1","https://en.wikipedia.org/wiki/Plus%E2%80%93minus_sign",,,
"158",":M_Symbols:set theory","set theory","","","x ∈ A","\in","Indicates membership of an element in a set.","element of","","∈","U+2208","https://en.wikipedia.org/wiki/Element_(mathematics)",,,
"159",":M_Symbols:set theory","set theory","","","x ∉ A","\notin","Indicates an element is not part of a set.","not an element of","","∉","U+2209","https://en.wikipedia.org/wiki/Element_(mathematics)",,,
"160",":M_Symbols:set theory","set theory","","","A ⊂ B","\subset","A is a strict subset of B.","proper subset","","⊂","U+2282","https://en.wikipedia.org/wiki/Subset",,,
"161",":M_Symbols:set theory","set theory","","","A ⊆ B","\subseteq","A is a subset of B (possibly equal).","subset","","⊆","U+2286","https://en.wikipedia.org/wiki/Subset",,,
"162",":M_Symbols:set theory","set theory","","","A ∪ B","\cup","Set of elements belonging to A or B.","union","","∪","U+222A","https://en.wikipedia.org/wiki/Union_(set_theory)",,,
"163",":M_Symbols:set theory","set theory","","","A ∩ B","\cap","Set of elements belonging to both A and B.","intersection","","∩","U+2229","https://en.wikipedia.org/wiki/Intersection_(set_theory)",,,
"164",":M_Symbols:set theory","set theory","","","A ∩ B = ∅","\emptyset","Set containing no elements.","empty set","","∅","U+2205","https://en.wikipedia.org/wiki/Empty_set",,,
"165",":M_Symbols:set theory","set theory","","","A ∖ B","\setminus","Elements in A that are not in B.","set difference","","∖","U+2216","https://en.wikipedia.org/wiki/Complement_(set_theory)",,,
"166",":M_Symbols:set theory","set theory","","","A ⊎ B","\uplus","Union of sets that are pairwise disjoint.","disjoint union","","⊎","U+228E","https://en.wikipedia.org/wiki/Disjoint_union",,,
"167",":M_Symbols:logic","logic","","","∃ x ∈ A","\exists","Indicates the existence of at least one element satisfying a condition.","there exists","","∃","U+2203","https://en.wikipedia.org/wiki/Existential_quantification",,,
"168",":M_Symbols:logic","logic","","","∀ x ∈ A, x ≥ 0","\forall","Indicates universal quantification.","for all","","∀","U+2200","https://en.wikipedia.org/wiki/Universal_quantification",,,
"169",":M_Symbols:logic","logic","","","¬P","\neg","Logical NOT.","negation","","¬","U+00AC","https://en.wikipedia.org/wiki/Negation",,,
"170",":M_Symbols:logic","logic","","","P ∧ Q","\land","Logical conjunction.","logical and","","∧","U+2227","https://en.wikipedia.org/wiki/Logical_conjunction",,,
"171",":M_Symbols:logic","logic","","","P ∨ Q","\lor","Logical disjunction.","logical or","","∨","U+2228","https://en.wikipedia.org/wiki/Logical_disjunction",,,
"172",":M_Symbols:logic","logic","","","P → Q","\rightarrow","Logical implication.","implies","","→","U+2192","https://en.wikipedia.org/wiki/Material_implication_(logic)",,,
"173",":M_Symbols:logic","logic","","","P ↔ Q","\leftrightarrow","Logical biconditional equivalence.","if and only if","","↔","U+2194","https://en.wikipedia.org/wiki/If_and_only_if",,,
"174",":M_Symbols:logic / proof theory","logic / proof theory","","","Γ ⊢ φ","\vdash","Indicates that a statement is derivable in a formal system.","provable","","⊢","U+22A2","https://en.wikipedia.org/wiki/Turnstile_(symbol)",,,
"175",":M_Symbols:logic / semantics","logic / semantics","","","M ⊨ φ","\models","Indicates semantic entailment.","models","","⊨","U+22A8","https://en.wikipedia.org/wiki/Double_turnstile",,,
"176",":M_Symbols:logic / algebra","logic / algebra","","","A ⊕ B","\oplus","Exclusive OR or direct sum in algebra.","exclusive or / direct sum","","⊕","U+2295","https://en.wikipedia.org/wiki/Exclusive_or",,,
"177",":M_Symbols:algebra","algebra","","","y ∝ x","\propto","Indicates proportionality relation.","proportional to","","∝","U+221D","https://en.wikipedia.org/wiki/Proportionality",,,
"178",":M_Symbols:set theory","set theory","","","A ∍ x","\ni","Reverse element-of symbol.","contains as member","","∍","U+220D","https://en.wikipedia.org/wiki/Element_(mathematics)",,,
"179",":M_Symbols:analysis","analysis","","","x ≉ y","\not\approx","Indicates non-approximate equivalence.","not approximately equal","","≉","U+2249","https://en.wikipedia.org/wiki/Approximation",,,
"180",":M_Symbols:vector calculus","vector calculus","","","∑⃗ v_i","\vec{\sum}","Summation applied to vector quantities.","vector summation","","∑⃗","U+2211 + combining arrow","https://en.wikipedia.org/wiki/Vector",,,
"181",":M_Symbols:vector calculus","vector calculus","","","∇² f","\nabla^2","Divergence of the gradient of a function.","laplacian","","∇²","U+2207 + U+00B2","https://en.wikipedia.org/wiki/Laplace_operator",,,
"182",":M_Symbols:definitions / algebra","definitions / algebra","","","f(x) ≜ x^2 + 1","\triangleq","Indicates definition of a term.","defined as","","≜","U+225C","https://en.wikipedia.org/wiki/Definition",,,
"183",":M_Symbols:definitions","definitions","","","x := 5",":=","Defines a function or variable.","colon equals","","≔","U+2254","https://en.wikipedia.org/wiki/Definition",,,
"184",":M_Symbols:definitions","definitions","","","f =: g","=:","Alternative definition notation.","equals colon","","≕","U+2255","https://en.wikipedia.org/wiki/Definition",,,
"185",":M_Symbols:logic / set theory","logic / set theory","","","{ x ∋ x > 0 }","\ni","Used in set-builder notation.","such that","","∋","U+220B","https://en.wikipedia.org/wiki/Set-builder_notation",,,
"186",":M_Symbols:algebra","algebra","","","y ∝̸ x","\not\propto","Indicates failure of proportionality.","not proportional to","","∝̸","U+221D + slash","https://en.wikipedia.org/wiki/Proportionality",,,
"187",":M_Symbols:linear algebra","linear algebra","","","A ⊗ B","\otimes","Tensor product of vector spaces or matrices.","tensor product","","⊗","U+2297","https://en.wikipedia.org/wiki/Tensor_product",,,
"188",":M_Symbols:arithmetic","arithmetic","","","a ⊘ b","\oslash","Rarely used symbol indicating division.","circled division sign","","⊘","U+2298","https://en.wikipedia.org/wiki/Division_sign",,,
"189",":M_Symbols:functions","functions","","","f ⊚ g","\circledcirc","Represents composition of two functions.","fog / function composition","","⊚","U+229A","https://en.wikipedia.org/wiki/Function_composition",,,
"190",":M_Symbols:functions","functions","","","(f ∘ g)(x)","\circ","Composition of functions f and g.","function composition","","∘","U+2218","https://en.wikipedia.org/wiki/Function_composition",,,
"191",":M_Symbols:calculus / notation","calculus / notation","","","f′(x)","'","Derivative or modified version of variable.","prime","","′","U+2032","https://en.wikipedia.org/wiki/Prime_(symbol)",,,
"192",":M_Symbols:calculus / notation","calculus / notation","","","f″(x)","''","Second derivative or second modification.","double prime","","″","U+2033","https://en.wikipedia.org/wiki/Prime_(symbol)",,,
"193",":M_Symbols:vector calculus","vector calculus","","","∇×F","\nabla \times","Describes rotation of a vector field.","curl","","∇×","U+2207 + U+00D7","https://en.wikipedia.org/wiki/Curl_(mathematics)",,,
"194",":M_Symbols:vector calculus","vector calculus","","","∇·F","\nabla \cdot","Measures the magnitude of a vector field's source at a point.","divergence","","∇·","U+2207 + U+22C5","https://en.wikipedia.org/wiki/Divergence",,,
"195",":M_Symbols:geometry","geometry","","","AB ⊥ CD","\perp","Two lines or vectors are perpendicular.","perpendicular to","","⊥","U+22A5","https://en.wikipedia.org/wiki/Perpendicular",,,
"196",":M_Symbols:geometry","geometry","","","AB ∥ CD","\parallel","Two lines or vectors are parallel.","parallel to","","∥","U+2225","https://en.wikipedia.org/wiki/Parallel_(geometry)",,,
"197",":M_Symbols:geometry","geometry","","","∠ABC","\angle","Indicates an angle.","angle","","∠","U+2220","https://en.wikipedia.org/wiki/Angle",,,
"198",":M_Symbols:geometry","geometry","","","45°","^\circ","Unit of angular measurement.","degree","","°","U+00B0","https://en.wikipedia.org/wiki/Degree_(angle)",,,
"199",":M_Symbols:geometry","geometry","","","30′","'","1/60 of a degree.","arcminute","","′","U+2032","https://en.wikipedia.org/wiki/Minute_of_arc",,,
"200",":M_Symbols:geometry","geometry","","","20″","''","1/3600 of a degree.","arcsecond","","″","U+2033","https://en.wikipedia.org/wiki/Second_of_arc",,,
"201",":M_Symbols:geometry","geometry","","","△ABC ∼ △DEF","\sim","Indicates similarity between shapes.","similar to","","∼","U+223C","https://en.wikipedia.org/wiki/Similarity_(geometry)",,,
"202",":M_Symbols:geometry","geometry","","","△ABC ≅ △DEF","\cong","Indicates geometric congruence.","congruent to","","≅","U+2245","https://en.wikipedia.org/wiki/Congruence_(geometry)",,,
"203",":M_Symbols:set theory","set theory","","","A ⊄ B","\not\subset","Indicates that A is not a subset of B.","not a subset of","","⊄","U+2284","https://en.wikipedia.org/wiki/Subset",,,
"204",":M_Symbols:set theory","set theory","","","A ⊄ B","\nsubseteq","Alternative symbol for non-subset.","not a subset","","⊄","U+2284","https://en.wikipedia.org/wiki/Subset",,,
"205",":M_Symbols:set theory","set theory","","","B ⊃ A","\supset","B is a superset of A.","superset","","⊃","U+2283","https://en.wikipedia.org/wiki/Subset",,,
"206",":M_Symbols:set theory","set theory","","","B ⊇ A","\supseteq","B is a superset (possibly equal) of A.","superset or equal","","⊇","U+2287","https://en.wikipedia.org/wiki/Subset",,,
"207",":M_Symbols:order theory","order theory","","","a ≺ b","\prec","Indicates order relation.","precedes","","≺","U+227A","https://en.wikipedia.org/wiki/Partially_ordered_set",,,
"208",":M_Symbols:order theory","order theory","","","b ≻ a","\succ","Reverse ordering relation.","succeeds","","≻","U+227B","https://en.wikipedia.org/wiki/Partially_ordered_set",,,
"209",":M_Symbols:order theory","order theory","","","a ≼ b","\preceq","Ordering relation including equality.","precedes or equal","","≼","U+227C","https://en.wikipedia.org/wiki/Partially_ordered_set",,,
"210",":M_Symbols:order theory","order theory","","","b ≽ a","\succeq","Ordering relation including equality.","succeeds or equal","","≽","U+227D","https://en.wikipedia.org/wiki/Partially_ordered_set",,,
"211",":M_Symbols:logic","logic","","","Γ ⊢ φ","\vdash","Statement φ is derivable from Γ.","turnstile","","⊢","U+22A2","https://en.wikipedia.org/wiki/Turnstile_(symbol)",,,
"212",":M_Symbols:logic","logic","","","P, Q ∴ R","\therefore","Indicates a conclusion.","therefore","","∴","U+2234","https://en.wikipedia.org/wiki/Therefore_sign",,,
"213",":M_Symbols:logic","logic","","","R ∵ P and Q","\because","Indicates a reason or justification.","because","","∵","U+2235","https://en.wikipedia.org/wiki/Because_sign",,,
"214",":M_Symbols:definitions","definitions","","","x := 5",":=","Assigns a definition to a term.","defined as (colon equals)","","≔","U+2254","https://en.wikipedia.org/wiki/Definition",,,
"215",":M_Symbols:definitions","definitions","","","f =: g","=:","Alternative definition symbol.","definition (equals colon)","","≕","U+2255","https://en.wikipedia.org/wiki/Definition",,,
"216",":M_Symbols:analysis","analysis","","","π ≈ 3.14","\approx","Indicates approximation.","approximately","","≈","U+2248","https://en.wikipedia.org/wiki/Approximation",,,
"217",":M_Symbols:analysis","analysis","","","x ≳ y","\gtrsim","Indicates approximate greater-than relation.","greater than or approximately equal","","≳","U+2273","https://en.wikipedia.org/wiki/Approximation",,,
"218",":M_Symbols:analysis","analysis","","","x ≲ y","\lesssim","Indicates approximate less-than relation.","less than or approximately equal","","≲","U+2272","https://en.wikipedia.org/wiki/Approximation",,,
"219",":M_Symbols:multivariable calculus","multivariable calculus","","","∭_V f(x,y,z) dV","\iiint","Integral over a three-dimensional region.","triple integral","","∭","U+222D","https://en.wikipedia.org/wiki/Multiple_integral",,,
"220",":M_Symbols:linear algebra","linear algebra","","","V = U ⊕ W","\oplus","Direct sum of subspaces or modules.","direct sum","","⊕","U+2295","https://en.wikipedia.org/wiki/Direct_sum",,,
"221",":M_Symbols:algebra","algebra","","","A ⊖ B","\ominus","Indicates subtraction or symmetric difference.","circled minus","","⊖","U+2296","https://en.wikipedia.org/wiki/Symmetric_difference",,,
"222",":M_Symbols:analysis / signal processing","analysis / signal processing","","","f ⊛ g","\circledast","Convolution of two functions.","convolution","","⊛","U+229B","https://en.wikipedia.org/wiki/Convolution",,,
"223",":M_Symbols:arithmetic","arithmetic","","","a ⊘ b","\oslash","Division inside a circle.","circled division","","⊘","U+2298","https://en.wikipedia.org/wiki/Division_sign",,,
"224",":M_Symbols:algebra / convolution","algebra / convolution","","","f ∗ g","\ast","Often denotes convolution, adjoint, or dual.","asterisk operator","","∗","U+2217","https://en.wikipedia.org/wiki/Asterisk",,,
"225",":M_Symbols:algebra / geometry","algebra / geometry","","","⋆ operation","\star","Used in Hodge star, algebraic operations, and combinatorics.","star operator","","⋆","U+22C6","https://en.wikipedia.org/wiki/Star_(geometry)",,,
"226",":M_Symbols:linear algebra","linear algebra","","","⨂_{i=1}^n V_i","\bigotimes","Generalized tensor product over multiple factors.","n-ary tensor product","","⨂","U+2A02","https://en.wikipedia.org/wiki/Tensor_product",,,
"227",":M_Symbols:linear algebra","linear algebra","","","⨁_{i=1}^n U_i","\bigoplus","Generalized direct sum over multiple components.","n-ary direct sum","","⨁","U+2A01","https://en.wikipedia.org/wiki/Direct_sum",,,
"228",":M_Symbols:algebra","algebra","","","⨀_{i=1}^n A_i","\bigodot","Generalized circle product.","n-ary circle product","","⨀","U+2A00","https://en.wikipedia.org/wiki/Circle_product",,,
"229",":M_Symbols:functions","functions","","","x ↦ x^2","\mapsto","Defines mapping from input to output.","maps to","","↦","U+21A6","https://en.wikipedia.org/wiki/Function_(mathematics)",,,
"230",":M_Functions:integral transforms","integral transforms","L²(ℝ)","L²(ℝ)","signal processing","H(f)(x)=1/π PV∫ f(t)/(x-t) dt","Convolution with 1/(πx).","Hilbert transform","ℝ","H(f)","","https://en.wikipedia.org/wiki/Hilbert_transform",,,
"231",":M_Functions:integral transforms","integral transforms","ℂ","L¹,L²","FT of Gaussian is Gaussian","ℱ(f)(ξ)=∫ f(x)e^{-2πixξ} dx","Frequency representation.","Fourier transform","ℂ","ℱ(f)","","https://en.wikipedia.org/wiki/Fourier_transform",,,
"232",":M_Functions:integral transforms","integral transforms","ℂ","[0,∞)","ODE solving","ℒ(f)(s)=∫₀∞ e^{-st}f(t)dt","Transform via exponential decay.","Laplace transform","ℂ","ℒ(f)","","https://en.wikipedia.org/wiki/Laplace_transform",,,
"233",":M_Functions:integral transforms","integral transforms","functions","ℂ","recover original signal","ℒ^{-1}(F)(t)","Inverse of Laplace.","Inverse Laplace transform","ℝ or ℂ","ℒ^{-1}(F)","","https://en.wikipedia.org/wiki/Laplace_transform#Inverse_Laplace_transform",,,
"234",":M_Functions:integral transforms","integral transforms","ℂ","(0,∞)","number theory","M(f)(s)=∫₀∞ x^{s-1}f(x)dx","Scale transform.","Mellin transform","ℂ","M(f)","","https://en.wikipedia.org/wiki/Mellin_transform",,,
"235",":M_Functions:analysis","analysis","ℝ or ℂ","integrable functions","used in PDEs","(f*g)(x)=∫ f(t)g(x-t)dt","Integral of overlapping product.","Convolution","ℝ or ℂ","f*g","","https://en.wikipedia.org/wiki/Convolution",,,
"236",":M_Functions:signal processing","signal processing","ℝ","ℝ","detect periodicity","R(τ)=∫ f(t)f(t+τ)dt","Correlation with time shift.","Autocorrelation","ℝ","R(τ)","","https://en.wikipedia.org/wiki/Autocorrelation",,,
"237",":M_Functions:PDEs","PDEs","ℝ or ℂ","domain×domain","Poisson equation","L G=δ","Kernel solving differential operator.","Green’s function","ℝ or ℂ","G(x,y)","","https://en.wikipedia.org/wiki/Green%27s_function",,,
"238",":M_Functions:PDEs","PDEs","ℝ⁺","t>0","Gaussian kernel","K=(4πt)^{-n/2} e^{-|x-y|²/(4t)}","Solution of heat equation.","Heat kernel","ℝ⁺","K(t,x,y)","","https://en.wikipedia.org/wiki/Heat_kernel",,,
"239",":M_Functions:signal processing","signal processing","ℝ","ℝ","mother wavelet","ψ(x)","Generates wavelet basis.","Wavelet function","ℝ","ψ(x)","","https://en.wikipedia.org/wiki/Wavelet",,,
"240",":M_Functions:signal processing","signal processing","ℝ","ℝ","basic wavelet","ψ_H(x)","Piecewise constant wavelet.","Haar wavelet","{-1,0,1}","ψ_H(x)","","https://en.wikipedia.org/wiki/Haar_wavelet",,,
"241",":M_Functions:signal processing","signal processing","ℝ","ℝ","used in geophysics","ψ(x)=(1-x^2)e^{-x^2/2}","Ricker wavelet.","Mexican hat wavelet","ℝ","ψ_M(x)","","https://en.wikipedia.org/wiki/Mexican_hat_wavelet",,,
"242",":M_Functions:measure theory","measure theory","{0,1}","any set","characteristic function","1_A(x)","1 if x∈A, else 0.","Indicator function","{0,1}","1_A(x)","","https://en.wikipedia.org/wiki/Indicator_function",,,
"243",":M_Functions:linear algebra","linear algebra","ℂ","ℂ","eigenvalues are roots","det(A-λI)","det(A-λI).","Characteristic polynomial","polynomials","p(λ)","","https://en.wikipedia.org/wiki/Characteristic_polynomial",,,
"244",":M_Functions:linear algebra","linear algebra","matrices","matrices","solves x'=Ax","e^A=Σ A^k/k!","Exp series of matrix.","Matrix exponential","invertible matrices","e^A","","https://en.wikipedia.org/wiki/Matrix_exponential",,,
"245",":M_Functions:linear algebra","linear algebra","matrices","invertible matrices","multivalued","log(A)","Matrix B s.t. e^B=A.","Matrix logarithm","matrices","log(A)","","https://en.wikipedia.org/wiki/Matrix_logarithm",,,
"246",":M_Functions:linear algebra","linear algebra","ℝ⁺","matrices","ρ(A)<1 implies convergence","ρ(A)=max|λ|","max |λ|.","Spectral radius","ℝ⁺","ρ(A)","","https://en.wikipedia.org/wiki/Spectral_radius",,,
"247",":M_Functions:linear algebra","linear algebra","ℝ or ℂ","square matrices","det(I)=1","det(A)","Volume scale factor.","Determinant","ℝ or ℂ","det(A)","","https://en.wikipedia.org/wiki/Determinant",,,
"248",":M_Functions:combinatorics","combinatorics","ℝ or ℂ","matrices","#P-complete","perm(A)","Like det but no signs.","Permanent","ℝ or ℂ","perm(A)","","https://en.wikipedia.org/wiki/Permanent",,,
"249",":M_Functions:number theory","number theory","ℤ⁺","ℤ⁺","F(0)=0","F(n)","F(n)=F(n-1)+F(n-2).","Fibonacci numbers","ℤ⁺","F(n)","","https://en.wikipedia.org/wiki/Fibonacci_number",,,
"250",":M_Functions:combinatorics","combinatorics","ℤ⁺","ℤ⁺","C(3)=5","C_n=1/(n+1) binom(2n,n)","Count recursive structures.","Catalan numbers","ℤ⁺","C(n)","","https://en.wikipedia.org/wiki/Catalan_number",,,
"251",":M_Functions:combinatorics","combinatorics","ℤ⁺","ℤ⁺","B(3)=5","B_n","Partitions of a set.","Bell numbers","ℤ⁺","B(n)","","https://en.wikipedia.org/wiki/Bell_number",,,
"252",":M_Symbols:logic","logic","","","P ⇔ Q","\Leftrightarrow","Bidirectional logical implication.","logical equivalence","","⇔","U+21D4","https://en.wikipedia.org/wiki/If_and_only_if",,,
"253",":M_Symbols:logic","logic","","","P ⇒ Q","\Rightarrow","Implies with stronger emphasis.","logical implication","","⇒","U+21D2","https://en.wikipedia.org/wiki/Material_implication_(logic)",,,
"254",":M_Symbols:proof theory","proof theory","","","Thus, x = 1. ∎","\blacksquare","Marks the end of a mathematical proof.","end of proof","","∎","U+220E","https://en.wikipedia.org/wiki/Tombstone_(typography)",,,
,,,,,,,,,,,,,"219","43","IS_FROM_CATEGORY"
,,,,,,,,,,,,,"43","40","HAS"
,,,,,,,,,,,,,"20","37","IS_A_CATEGORY_OF"
,,,,,,,,,,,,,"0","36","IS_FROM_CATEGORY"
,,,,,,,,,,,,,"1","18","IS_FROM_CATEGORY"
,,,,,,,,,,,,,"2","18","IS_FROM_CATEGORY"
,,,,,,,,,,,,,"3","18","IS_FROM_CATEGORY"
,,,,,,,,,,,,,"4","18","IS_FROM_CATEGORY"
,,,,,,,,,,,,,"5","18","IS_FROM_CATEGORY"
,,,,,,,,,,,,,"6","18","IS_FROM_CATEGORY"
,,,,,,,,,,,,,"68","7","IS_FROM_CATEGORY"
,,,,,,,,,,,,,"69","7","IS_FROM_CATEGORY"
,,,,,,,,,,,,,"70","8","IS_FROM_CATEGORY"
,,,,,,,,,,,,,"71","8","IS_FROM_CATEGORY"
,,,,,,,,,,,,,"72","8","IS_FROM_CATEGORY"
,,,,,,,,,,,,,"73","8","IS_FROM_CATEGORY"
,,,,,,,,,,,,,"74","8","IS_FROM_CATEGORY"
,,,,,,,,,,,,,"75","8","IS_FROM_CATEGORY"
,,,,,,,,,,,,,"76","7","IS_FROM_CATEGORY"
,,,,,,,,,,,,,"77","7","IS_FROM_CATEGORY"
,,,,,,,,,,,,,"78","7","IS_FROM_CATEGORY"
,,,,,,,,,,,,,"79","9","IS_FROM_CATEGORY"
,,,,,,,,,,,,,"80","9","IS_FROM_CATEGORY"
,,,,,,,,,,,,,"81","9","IS_FROM_CATEGORY"
,,,,,,,,,,,,,"82","9","IS_FROM_CATEGORY"
,,,,,,,,,,,,,"83","9","IS_FROM_CATEGORY"
,,,,,,,,,,,,,"84","10","IS_FROM_CATEGORY"
,,,,,,,,,,,,,"85","10","IS_FROM_CATEGORY"
,,,,,,,,,,,,,"86","10","IS_FROM_CATEGORY"
,,,,,,,,,,,,,"87","10","IS_FROM_CATEGORY"
,,,,,,,,,,,,,"88","10","IS_FROM_CATEGORY"
,,,,,,,,,,,,,"89","10","IS_FROM_CATEGORY"
,,,,,,,,,,,,,"90","11","IS_FROM_CATEGORY"
,,,,,,,,,,,,,"91","11","IS_FROM_CATEGORY"
,,,,,,,,,,,,,"92","11","IS_FROM_CATEGORY"
,,,,,,,,,,,,,"93","12","IS_FROM_CATEGORY"
,,,,,,,,,,,,,"94","12","IS_FROM_CATEGORY"
,,,,,,,,,,,,,"95","12","IS_FROM_CATEGORY"
,,,,,,,,,,,,,"96","13","IS_FROM_CATEGORY"
,,,,,,,,,,,,,"97","13","IS_FROM_CATEGORY"
,,,,,,,,,,,,,"98","13","IS_FROM_CATEGORY"
,,,,,,,,,,,,,"99","13","IS_FROM_CATEGORY"
,,,,,,,,,,,,,"100","13","IS_FROM_CATEGORY"
,,,,,,,,,,,,,"101","13","IS_FROM_CATEGORY"
,,,,,,,,,,,,,"102","7","IS_FROM_CATEGORY"
,,,,,,,,,,,,,"103","14","IS_FROM_CATEGORY"
,,,,,,,,,,,,,"104","15","IS_FROM_CATEGORY"
,,,,,,,,,,,,,"105","16","IS_FROM_CATEGORY"
,,,,,,,,,,,,,"106","17","IS_FROM_CATEGORY"
,,,,,,,,,,,,,"107","17","IS_FROM_CATEGORY"
,,,,,,,,,,,,,"108","18","IS_FROM_CATEGORY"
,,,,,,,,,,,,,"109","18","IS_FROM_CATEGORY"
,,,,,,,,,,,,,"110","18","IS_FROM_CATEGORY"
,,,,,,,,,,,,,"111","18","IS_FROM_CATEGORY"
,,,,,,,,,,,,,"112","19","IS_FROM_CATEGORY"
,,,,,,,,,,,,,"113","20","IS_FROM_CATEGORY"
,,,,,,,,,,,,,"114","18","IS_FROM_CATEGORY"
,,,,,,,,,,,,,"115","21","IS_FROM_CATEGORY"
,,,,,,,,,,,,,"116","21","IS_FROM_CATEGORY"
,,,,,,,,,,,,,"117","21","IS_FROM_CATEGORY"
,,,,,,,,,,,,,"118","22","IS_FROM_CATEGORY"
,,,,,,,,,,,,,"119","18","IS_FROM_CATEGORY"
,,,,,,,,,,,,,"120","18","IS_FROM_CATEGORY"
,,,,,,,,,,,,,"121","18","IS_FROM_CATEGORY"
,,,,,,,,,,,,,"122","18","IS_FROM_CATEGORY"
,,,,,,,,,,,,,"123","18","IS_FROM_CATEGORY"
,,,,,,,,,,,,,"124","18","IS_FROM_CATEGORY"
,,,,,,,,,,,,,"125","23","IS_FROM_CATEGORY"
,,,,,,,,,,,,,"126","23","IS_FROM_CATEGORY"
,,,,,,,,,,,,,"127","23","IS_FROM_CATEGORY"
,,,,,,,,,,,,,"128","24","IS_FROM_CATEGORY"
,,,,,,,,,,,,,"129","25","IS_FROM_CATEGORY"
,,,,,,,,,,,,,"130","25","IS_FROM_CATEGORY"
,,,,,,,,,,,,,"131","26","IS_FROM_CATEGORY"
,,,,,,,,,,,,,"132","27","IS_FROM_CATEGORY"
,,,,,,,,,,,,,"133","28","IS_FROM_CATEGORY"
,,,,,,,,,,,,,"134","29","IS_FROM_CATEGORY"
,,,,,,,,,,,,,"135","29","IS_FROM_CATEGORY"
,,,,,,,,,,,,,"136","29","IS_FROM_CATEGORY"
,,,,,,,,,,,,,"137","30","IS_FROM_CATEGORY"
,,,,,,,,,,,,,"230","31","IS_FROM_CATEGORY"
,,,,,,,,,,,,,"231","31","IS_FROM_CATEGORY"
,,,,,,,,,,,,,"232","31","IS_FROM_CATEGORY"
,,,,,,,,,,,,,"233","31","IS_FROM_CATEGORY"
,,,,,,,,,,,,,"234","31","IS_FROM_CATEGORY"
,,,,,,,,,,,,,"235","16","IS_FROM_CATEGORY"
,,,,,,,,,,,,,"236","32","IS_FROM_CATEGORY"
,,,,,,,,,,,,,"237","33","IS_FROM_CATEGORY"
,,,,,,,,,,,,,"238","33","IS_FROM_CATEGORY"
,,,,,,,,,,,,,"239","32","IS_FROM_CATEGORY"
,,,,,,,,,,,,,"240","32","IS_FROM_CATEGORY"
,,,,,,,,,,,,,"241","32","IS_FROM_CATEGORY"
,,,,,,,,,,,,,"242","34","IS_FROM_CATEGORY"
,,,,,,,,,,,,,"243","35","IS_FROM_CATEGORY"
,,,,,,,,,,,,,"244","35","IS_FROM_CATEGORY"
,,,,,,,,,,,,,"245","35","IS_FROM_CATEGORY"
,,,,,,,,,,,,,"246","35","IS_FROM_CATEGORY"
,,,,,,,,,,,,,"247","35","IS_FROM_CATEGORY"
,,,,,,,,,,,,,"248","36","IS_FROM_CATEGORY"
,,,,,,,,,,,,,"249","21","IS_FROM_CATEGORY"
,,,,,,,,,,,,,"250","36","IS_FROM_CATEGORY"
,,,,,,,,,,,,,"251","36","IS_FROM_CATEGORY"
,,,,,,,,,,,,,"7","37","IS_A_CATEGORY_OF"
,,,,,,,,,,,,,"8","37","IS_A_CATEGORY_OF"
,,,,,,,,,,,,,"9","37","IS_A_CATEGORY_OF"
,,,,,,,,,,,,,"10","37","IS_A_CATEGORY_OF"
,,,,,,,,,,,,,"11","37","IS_A_CATEGORY_OF"
,,,,,,,,,,,,,"12","37","IS_A_CATEGORY_OF"
,,,,,,,,,,,,,"13","37","IS_A_CATEGORY_OF"
,,,,,,,,,,,,,"14","37","IS_A_CATEGORY_OF"
,,,,,,,,,,,,,"18","37","IS_A_CATEGORY_OF"
,,,,,,,,,,,,,"28","37","IS_A_CATEGORY_OF"
,,,,,,,,,,,,,"29","37","IS_A_CATEGORY_OF"
,,,,,,,,,,,,,"15","38","IS_A_CATEGORY_OF"
,,,,,,,,,,,,,"16","38","IS_A_CATEGORY_OF"
,,,,,,,,,,,,,"17","38","IS_A_CATEGORY_OF"
,,,,,,,,,,,,,"19","38","IS_A_CATEGORY_OF"
,,,,,,,,,,,,,"21","38","IS_A_CATEGORY_OF"
,,,,,,,,,,,,,"22","38","IS_A_CATEGORY_OF"
,,,,,,,,,,,,,"23","38","IS_A_CATEGORY_OF"
,,,,,,,,,,,,,"24","38","IS_A_CATEGORY_OF"
,,,,,,,,,,,,,"25","38","IS_A_CATEGORY_OF"
,,,,,,,,,,,,,"26","38","IS_A_CATEGORY_OF"
,,,,,,,,,,,,,"27","38","IS_A_CATEGORY_OF"
,,,,,,,,,,,,,"30","38","IS_A_CATEGORY_OF"
,,,,,,,,,,,,,"31","38","IS_A_CATEGORY_OF"
,,,,,,,,,,,,,"32","38","IS_A_CATEGORY_OF"
,,,,,,,,,,,,,"33","38","IS_A_CATEGORY_OF"
,,,,,,,,,,,,,"34","38","IS_A_CATEGORY_OF"
,,,,,,,,,,,,,"35","38","IS_A_CATEGORY_OF"
,,,,,,,,,,,,,"36","38","IS_A_CATEGORY_OF"
,,,,,,,,,,,,,"38","39","OF"
,,,,,,,,,,,,,"37","39","OF"
,,,,,,,,,,,,,"40","39","OF"
,,,,,,,,,,,,,"41","40","HAS"
,,,,,,,,,,,,,"42","40","HAS"
,,,,,,,,,,,,,"44","40","HAS"
,,,,,,,,,,,,,"45","40","HAS"
,,,,,,,,,,,,,"46","40","HAS"
,,,,,,,,,,,,,"47","40","HAS"
,,,,,,,,,,,,,"48","40","HAS"
,,,,,,,,,,,,,"49","40","HAS"
,,,,,,,,,,,,,"50","40","HAS"
,,,,,,,,,,,,,"51","40","HAS"
,,,,,,,,,,,,,"52","40","HAS"
,,,,,,,,,,,,,"53","40","HAS"
,,,,,,,,,,,,,"54","40","HAS"
,,,,,,,,,,,,,"55","40","HAS"
,,,,,,,,,,,,,"56","40","HAS"
,,,,,,,,,,,,,"57","40","HAS"
,,,,,,,,,,,,,"58","40","HAS"
,,,,,,,,,,,,,"59","40","HAS"
,,,,,,,,,,,,,"60","40","HAS"
,,,,,,,,,,,,,"61","40","HAS"
,,,,,,,,,,,,,"62","40","HAS"
,,,,,,,,,,,,,"64","40","HAS"
,,,,,,,,,,,,,"65","40","HAS"
,,,,,,,,,,,,,"66","40","HAS"
,,,,,,,,,,,,,"67","40","HAS"
,,,,,,,,,,,,,"138","40","HAS"
,,,,,,,,,,,,,"139","40","HAS"
,,,,,,,,,,,,,"140","41","IS_FROM_CATEGORY"
,,,,,,,,,,,,,"141","41","IS_FROM_CATEGORY"
,,,,,,,,,,,,,"142","42","IS_FROM_CATEGORY"
,,,,,,,,,,,,,"143","43","IS_FROM_CATEGORY"
,,,,,,,,,,,,,"144","44","IS_FROM_CATEGORY"
,,,,,,,,,,,,,"145","43","IS_FROM_CATEGORY"
,,,,,,,,,,,,,"146","45","IS_FROM_CATEGORY"
,,,,,,,,,,,,,"147","46","IS_FROM_CATEGORY"
,,,,,,,,,,,,,"148","47","IS_FROM_CATEGORY"
,,,,,,,,,,,,,"149","138","IS_FROM_CATEGORY"
,,,,,,,,,,,,,"150","48","IS_FROM_CATEGORY"
,,,,,,,,,,,,,"151","49","IS_FROM_CATEGORY"
,,,,,,,,,,,,,"152","49","IS_FROM_CATEGORY"
,,,,,,,,,,,,,"153","49","IS_FROM_CATEGORY"
,,,,,,,,,,,,,"154","49","IS_FROM_CATEGORY"
,,,,,,,,,,,,,"155","49","IS_FROM_CATEGORY"
,,,,,,,,,,,,,"156","49","IS_FROM_CATEGORY"
,,,,,,,,,,,,,"157","49","IS_FROM_CATEGORY"
,,,,,,,,,,,,,"158","50","IS_FROM_CATEGORY"
,,,,,,,,,,,,,"159","50","IS_FROM_CATEGORY"
,,,,,,,,,,,,,"160","50","IS_FROM_CATEGORY"
,,,,,,,,,,,,,"161","50","IS_FROM_CATEGORY"
,,,,,,,,,,,,,"162","50","IS_FROM_CATEGORY"
,,,,,,,,,,,,,"163","50","IS_FROM_CATEGORY"
,,,,,,,,,,,,,"164","50","IS_FROM_CATEGORY"
,,,,,,,,,,,,,"165","50","IS_FROM_CATEGORY"
,,,,,,,,,,,,,"166","50","IS_FROM_CATEGORY"
,,,,,,,,,,,,,"167","51","IS_FROM_CATEGORY"
,,,,,,,,,,,,,"168","51","IS_FROM_CATEGORY"
,,,,,,,,,,,,,"169","51","IS_FROM_CATEGORY"
,,,,,,,,,,,,,"170","51","IS_FROM_CATEGORY"
,,,,,,,,,,,,,"171","51","IS_FROM_CATEGORY"
,,,,,,,,,,,,,"172","51","IS_FROM_CATEGORY"
,,,,,,,,,,,,,"173","51","IS_FROM_CATEGORY"
,,,,,,,,,,,,,"174","52","IS_FROM_CATEGORY"
,,,,,,,,,,,,,"175","53","IS_FROM_CATEGORY"
,,,,,,,,,,,,,"176","54","IS_FROM_CATEGORY"
,,,,,,,,,,,,,"177","49","IS_FROM_CATEGORY"
,,,,,,,,,,,,,"178","50","IS_FROM_CATEGORY"
,,,,,,,,,,,,,"179","138","IS_FROM_CATEGORY"
,,,,,,,,,,,,,"180","45","IS_FROM_CATEGORY"
,,,,,,,,,,,,,"181","45","IS_FROM_CATEGORY"
,,,,,,,,,,,,,"182","55","IS_FROM_CATEGORY"
,,,,,,,,,,,,,"183","56","IS_FROM_CATEGORY"
,,,,,,,,,,,,,"184","56","IS_FROM_CATEGORY"
,,,,,,,,,,,,,"185","57","IS_FROM_CATEGORY"
,,,,,,,,,,,,,"186","49","IS_FROM_CATEGORY"
,,,,,,,,,,,,,"187","139","IS_FROM_CATEGORY"
,,,,,,,,,,,,,"188","58","IS_FROM_CATEGORY"
,,,,,,,,,,,,,"189","59","IS_FROM_CATEGORY"
,,,,,,,,,,,,,"190","59","IS_FROM_CATEGORY"
,,,,,,,,,,,,,"191","60","IS_FROM_CATEGORY"
,,,,,,,,,,,,,"192","60","IS_FROM_CATEGORY"
,,,,,,,,,,,,,"193","45","IS_FROM_CATEGORY"
,,,,,,,,,,,,,"194","45","IS_FROM_CATEGORY"
,,,,,,,,,,,,,"195","61","IS_FROM_CATEGORY"
,,,,,,,,,,,,,"196","61","IS_FROM_CATEGORY"
,,,,,,,,,,,,,"197","61","IS_FROM_CATEGORY"
,,,,,,,,,,,,,"198","61","IS_FROM_CATEGORY"
,,,,,,,,,,,,,"199","61","IS_FROM_CATEGORY"
,,,,,,,,,,,,,"200","61","IS_FROM_CATEGORY"
,,,,,,,,,,,,,"201","61","IS_FROM_CATEGORY"
,,,,,,,,,,,,,"202","61","IS_FROM_CATEGORY"
,,,,,,,,,,,,,"203","50","IS_FROM_CATEGORY"
,,,,,,,,,,,,,"204","50","IS_FROM_CATEGORY"
,,,,,,,,,,,,,"205","50","IS_FROM_CATEGORY"
,,,,,,,,,,,,,"206","50","IS_FROM_CATEGORY"
,,,,,,,,,,,,,"207","62","IS_FROM_CATEGORY"
,,,,,,,,,,,,,"208","62","IS_FROM_CATEGORY"
,,,,,,,,,,,,,"209","62","IS_FROM_CATEGORY"
,,,,,,,,,,,,,"210","62","IS_FROM_CATEGORY"
,,,,,,,,,,,,,"211","51","IS_FROM_CATEGORY"
,,,,,,,,,,,,,"212","51","IS_FROM_CATEGORY"
,,,,,,,,,,,,,"213","51","IS_FROM_CATEGORY"
,,,,,,,,,,,,,"214","56","IS_FROM_CATEGORY"
,,,,,,,,,,,,,"215","56","IS_FROM_CATEGORY"
,,,,,,,,,,,,,"216","138","IS_FROM_CATEGORY"
,,,,,,,,,,,,,"217","138","IS_FROM_CATEGORY"
,,,,,,,,,,,,,"218","138","IS_FROM_CATEGORY"
,,,,,,,,,,,,,"220","139","IS_FROM_CATEGORY"
,,,,,,,,,,,,,"221","49","IS_FROM_CATEGORY"
,,,,,,,,,,,,,"222","64","IS_FROM_CATEGORY"
,,,,,,,,,,,,,"223","58","IS_FROM_CATEGORY"
,,,,,,,,,,,,,"224","65","IS_FROM_CATEGORY"
,,,,,,,,,,,,,"225","66","IS_FROM_CATEGORY"
,,,,,,,,,,,,,"226","139","IS_FROM_CATEGORY"
,,,,,,,,,,,,,"227","139","IS_FROM_CATEGORY"
,,,,,,,,,,,,,"228","49","IS_FROM_CATEGORY"
,,,,,,,,,,,,,"229","59","IS_FROM_CATEGORY"
,,,,,,,,,,,,,"252","51","IS_FROM_CATEGORY"
,,,,,,,,,,,,,"253","51","IS_FROM_CATEGORY"
,,,,,,,,,,,,,"254","67","IS_FROM_CATEGORY"
